original	variant	change_description	y_pred
AAAAACATGTCCACCAGTAC	AAAAACATGTCCACCAGTAA	C20A	0.0636
AAAAACATGTCCACCAGTAC	AAAAACATGTCCACCAGTAG	C20G	0.2308
AAAAACATGTCCACCAGTAC	AAAAACATGTCCACCAGTAT	C20T	0.2541
AAAAACATGTCCACCAGTAC	AAAAACATGTCCACAAGTAC	C15A	0.3170
AAAAACATGTCCACCAGTAC	AAAAACATGTCCACCAGTTC	A19T	0.3914
AAAAACATGTCCACCAGTAC	AAAAACATGTCCACCAGGAC	T18G	0.5042
AAAAACATGTCCACCAGTAC	AAAAACATGTCCACCTGTAC	A16T	0.6004
AAAAACATGTCCACCAGTAC	AAAAAAATGTCCACCAGTAC	C6A	0.6957
AAAAACATGTCCACCAGTAC	AAAACCATGTCCACCAGTAC	A5C	0.7896
AAAAACATGTCCACCAGTAC	AAAAACACGTCCACCAGTAC	T8C	0.8879
AAAAACATGTCCACCAGTAC	CAAAACATGTCCACCAGTAC	A1C	0.9918
AAAAACTTGCTGGCCGCTAC	AAAAACTTGCTGGCCGCTAA	C20A	0.1365
AAAAACTTGCTGGCCGCTAC	AAAAACTTGCTGGCCGCTAG	C20G	0.3037
AAAAACTTGCTGGCCGCTAC	AAAAACTTGCTGGCCGCTAT	C20T	0.3270
AAAAACTTGCTGGCCGCTAC	AAAAACTTGCTGGCAGCTAC	C15A	0.3900
AAAAACTTGCTGGCCGCTAC	AAAAACTTGCTGGCCGCTCC	A19C	0.4097
AAAAACTTGCTGGCCGCTAC	AAAAACTTGCTGCCCGCTAC	G13C	0.5129
AAAAACTTGCTGGCCGCTAC	AAAAACTTGCTGGCCGCTGC	A19G	0.5994
AAAAACTTGCTGGCCGCTAC	AAAAACTTGCTAGCCGCTAC	G12A	0.6951
AAAAACTTGCTGGCCGCTAC	AAAAACTTGCAGGCCGCTAC	T11A	0.7949
AAAAACTTGCTGGCCGCTAC	AAAATCTTGCTGGCCGCTAC	A5T	0.9172
AAAAACTTGCTGGCCGCTAC	ACAAACTTGCTGGCCGCTAC	A2C	1.0013
AAAAATACCTGTCCTTTAGT	AAAAATACCTGTCCTTTACT	G19C	0.0738
AAAAATACCTGTCCTTTAGT	AAAAATACCTGTCCTTTAGA	T20A	0.1184
AAAAATACCTGTCCTTTAGT	AAAAATACCTGTCCTTTAAT	G19A	0.1721
AAAAATACCTGTCCTTTAGT	AAAAATACCTGTCATTTAGT	C14A	0.2879
AAAAATACCTGTCCTTTAGT	AAAAATACCTGTACTTTAGT	C13A	0.3992
AAAAATACCTGTCCTTTAGT	AAAAATACCTGTCCTTGAGT	T17G	0.4903
AAAAATACCTGTCCTTTAGT	AAAAATACATGTCCTTTAGT	C9A	0.5976
AAAAATACCTGTCCTTTAGT	AAAAATACCGGTCCTTTAGT	T10G	0.7012
AAAAATACCTGTCCTTTAGT	AAAAATCCCTGTCCTTTAGT	A7C	0.8050
AAAAATACCTGTCCTTTAGT	AAAAGTACCTGTCCTTTAGT	A5G	0.9064
AAAAATACCTGTCCTTTAGT	AAAAATGCCTGTCCTTTAGT	A7G	0.9947
AAAAATCGCAAACGATCACC	AAAAATCGCAAACGATCACA	C20A	0.0636
AAAAATCGCAAACGATCACC	AAAAATCGCAAACGATCAAC	C19A	0.1790
AAAAATCGCAAACGATCACC	AAAAATCGCAAACGATCACG	C20G	0.2308
AAAAATCGCAAACGATCACC	AAAAATCGCAAACCATCACC	G14C	0.3287
AAAAATCGCAAACGATCACC	AAAAATCGCAAACGATAACC	C17A	0.3965
AAAAATCGCAAACGATCACC	AAAAATCGCAAACGATCCCC	A18C	0.4952
AAAAATCGCAAACGATCACC	AAAAATCGCAAACGATTACC	C17T	0.5870
AAAAATCGCAAACGATCACC	AAAAATCGCAACCGATCACC	A12C	0.7139
AAAAATCGCAAACGATCACC	AAAAATCGCATACGATCACC	A11T	0.8066
AAAAATCGCAAACGATCACC	AAAAATCGCAAGCGATCACC	A12G	0.9036
AAAAATCGCAAACGATCACC	CAAAATCGCAAACGATCACC	A1C	0.9918
AAAAATGGAAGCACAGGTAC	AAAAATGGAAGCACAGGTAA	C20A	0.0636
AAAAATGGAAGCACAGGTAC	AAAAATGGAAGCACAGGTAG	C20G	0.2308
AAAAATGGAAGCACAGGTAC	AAAAATGGAAGCACAGGTAT	C20T	0.2541
AAAAATGGAAGCACAGGTAC	AAAAATGGAAGCACAGGTCC	A19C	0.3368
AAAAATGGAAGCACAGGTAC	AAAAATGGAAGCACAGGTTC	A19T	0.3914
AAAAATGGAAGCACAGGTAC	AAAAATGGAAGCACAGGGAC	T18G	0.5042
AAAAATGGAAGCACAGGTAC	AAAAATGGAATCACAGGTAC	G11T	0.6168
AAAAATGGAAGCACAGGTAC	AAAAATCGAAGCACAGGTAC	G7C	0.6880
AAAAATGGAAGCACAGGTAC	AAAACTGGAAGCACAGGTAC	A5C	0.7896
AAAAATGGAAGCACAGGTAC	AATAATGGAAGCACAGGTAC	A3T	0.9168
AAAAATGGAAGCACAGGTAC	CAAAATGGAAGCACAGGTAC	A1C	0.9918
AAAAATGTTCACCTTCAATA	AAAAATGTTCACCTTCAATC	A20C	0.1119
AAAAATGTTCACCTTCAATA	AAAAATGTTCACCTTCAATT	A20T	0.1666
AAAAATGTTCACCTTCAATA	AAAAATGTTCACCTTCAAAA	T19A	0.1973
AAAAATGTTCACCTTCAATA	AAAAATGTTCACCTTCAATG	A20G	0.3017
AAAAATGTTCACCTTCAATA	AAAAATGTTCACCCTCAATA	T14C	0.3930
AAAAATGTTCACCTTCAATA	AAAAATGTTCACCTTCTATA	A17T	0.4995
AAAAATGTTCACCTTCAATA	AAAAATGTTCAGCTTCAATA	C12G	0.6139
AAAAATGTTCACCTTCAATA	AAAAATGTCCACCTTCAATA	T9C	0.7027
AAAAATGTTCACCTTCAATA	AAAAATGGTCACCTTCAATA	T8G	0.8036
AAAAATGTTCACCTTCAATA	CAAAATGTTCACCTTCAATA	A1C	0.8824
AAAAATGTTCACCTTCAATA	AGAAATGTTCACCTTCAATA	A2G	1.0086
AAAACCGAGTGCAAAAAGAA	AAAACCGAGTGCAAAAAGAC	A20C	0.1849
AAAACCGAGTGCAAAAAGAA	AAAACCGAGTGCAAAAAGAT	A20T	0.2396
AAAACCGAGTGCAAAAAGAA	AAAACCGAGTGCAAAAACAA	G18C	0.2688
AAAACCGAGTGCAAAAAGAA	AAAACCGAGTGCAAAAAGCA	A19C	0.3003
AAAACCGAGTGCAAAAAGAA	AAAACCGAGTGCAAAAAGAG	A20G	0.3746
AAAACCGAGTGCAAAAAGAA	AAAACCGAGTGCAATAAGAA	A15T	0.4930
AAAACCGAGTGCAAAAAGAA	AAAACCGACTGCAAAAAGAA	G9C	0.6019
AAAACCGAGTGCAAAAAGAA	AAAACCGAATGCAAAAAGAA	G9A	0.7002
AAAACCGAGTGCAAAAAGAA	AAAATCGAGTGCAAAAAGAA	C5T	0.7858
AAAACCGAGTGCAAAAAGAA	ACAACCGAGTGCAAAAAGAA	A2C	0.8918
AAAACCGAGTGCAAAAAGAA	TAAACCGAGTGCAAAAAGAA	A1T	1.0100
AAAACTCAGCTGTCCAAGTT	AAAACTCAGCTGTCCAAGTA	T20A	0.1914
AAAACTCAGCTGTCCAAGTT	AAAACTCAGCTGTCCAAGTC	T20C	0.2052
AAAACTCAGCTGTCCAAGTT	AAAACTCAGCTGTCCAAGTG	T20G	0.2303
AAAACTCAGCTGTCCAAGTT	AAAACTCAGCTGTCCAACTT	G18C	0.3053
AAAACTCAGCTGTCCAAGTT	AAAACTCAGCTGTCCAAATT	G18A	0.4035
AAAACTCAGCTGTCCAAGTT	AAAACTCAGCTGTCTAAGTT	C15T	0.5075
AAAACTCAGCTGTCCAAGTT	AAAACTCAGCTGACCAAGTT	T13A	0.5999
AAAACTCAGCTGTCCAAGTT	AAAACTCATCTGTCCAAGTT	G9T	0.6932
AAAACTCAGCTGTCCAAGTT	AAAAGTCAGCTGTCCAAGTT	C5G	0.7990
AAAACTCAGCTGTCCAAGTT	AAAACTCCGCTGTCCAAGTT	A8C	0.9041
AAAACTCAGCTGTCCAAGTT	CAAACTCAGCTGTCCAAGTT	A1C	0.9918
AAAACTTAAAATAGGTAATA	AAAACTTAAAATAGGTAATC	A20C	0.0390
AAAACTTAAAATAGGTAATA	AAAACTTAAAATAGCTAATA	G15C	0.1024
AAAACTTAAAATAGGTAATA	AAAACTTAAAATAGATAATA	G15A	0.2007
AAAACTTAAAATAGGTAATA	AAAACTTAAAATAGGTACTA	A18C	0.3128
AAAACTTAAAATAGGTAATA	AAAACTTAAAATAGGTTATA	A17T	0.4265
AAAACTTAAAATAGGTAATA	AAAACTTAAAAAAGGTAATA	T12A	0.5015
AAAACTTAAAATAGGTAATA	AAAAGTTAAAATAGGTAATA	C5G	0.6166
AAAACTTAAAATAGGTAATA	AAAACTTATAATAGGTAATA	A9T	0.7006
AAAACTTAAAATAGGTAATA	ATAACTTAAAATAGGTAATA	A2T	0.8006
AAAACTTAAAATAGGTAATA	AAAACTTGAAATAGGTAATA	A8G	0.9114
AAAACTTAAAATAGGTAATA	GAAACTTAAAATAGGTAATA	A1G	0.9991
AAAACTTTACAGCAGCATGA	AAAACTTTACAGCAGCATCA	G19C	0.1103
AAAACTTTACAGCAGCATGA	AAAACTTTACAGCAGCATTA	G19T	0.1651
AAAACTTTACAGCAGCATGA	AAAACTTTACAGCAGCATAA	G19A	0.2086
AAAACTTTACAGCAGCATGA	AAAACTTTACAGCATCATGA	G15T	0.3032
AAAACTTTACAGCAGCATGA	AAAACTTTACAGCAGCATGG	A20G	0.3746
AAAACTTTACAGCAGCATGA	AAAACTTTACACCAGCATGA	G12C	0.4874
AAAACTTTACAGCAGCATGA	AAAACTTTACAGGAGCATGA	C13G	0.6028
AAAACTTTACAGCAGCATGA	AAAACTTTACAGCAGCGTGA	A17G	0.7075
AAAACTTTACAGCAGCATGA	AAAACCTTACAGCAGCATGA	T6C	0.8008
AAAACTTTACAGCAGCATGA	AAAACTTTACGGCAGCATGA	A11G	0.9052
AAAACTTTACAGCAGCATGA	TAAACTTTACAGCAGCATGA	A1T	1.0100
AAAAGCTTCACTTGCTCCGC	AAAAGCTTCACTTGCTCCGA	C20A	0.1365
AAAAGCTTCACTTGCTCCGC	AAAAGCTTCACTTGCTCCCC	G19C	0.2197
AAAAGCTTCACTTGCTCCGC	AAAAGCTTCACTTGCTCCTC	G19T	0.2746
AAAAGCTTCACTTGCTCCGC	AAAAGCTTCACTTGCTCCGG	C20G	0.3037
AAAAGCTTCACTTGCTCCGC	AAAAGCTTCACTTCCTCCGC	G14C	0.4016
AAAAGCTTCACTTGCTCCGC	AAAAGCTTCACTTACTCCGC	G14A	0.4999
AAAAGCTTCACTTGCTCCGC	AAAAGCTTCACTTGCTCTGC	C18T	0.6009
AAAAGCTTCACTTGCTCCGC	AAAAGCTTCACTGGCTCCGC	T13G	0.7118
AAAAGCTTCACTTGCTCCGC	AAAAGCTTCACGTGCTCCGC	T12G	0.7958
AAAAGCTTCACTTGCTCCGC	AAAAGCTTCTCTTGCTCCGC	A10T	0.8928
AAAAGCTTCACTTGCTCCGC	ACAAGCTTCACTTGCTCCGC	A2C	1.0013
AAAAGTTCATTAATAGCACG	AAAAGTTCATTAATAGCACT	G20T	0.0132
AAAAGTTCATTAATAGCACG	AAAAGTTCATTAATAGCAAG	C19A	0.1060
AAAAGTTCATTAATAGCACG	AAAAGTTCATTAATAGCAGG	C19G	0.2732
AAAAGTTCATTAATAGCACG	AAAAGTTCATTAATAGCATG	C19T	0.2965
AAAAGTTCATTAATAGCACG	AAAAGTTCATTAATCGCACG	A15C	0.4019
AAAAGTTCATTAATAGCACG	AAAAGTTCATTAATAGGACG	C17G	0.4907
AAAAGTTCATTAATAGCACG	AAAAGTTCATTAATGGCACG	A15G	0.5916
AAAAGTTCATTAATAGCACG	AAAAGTTCAGTAATAGCACG	T10G	0.7012
AAAAGTTCATTAATAGCACG	AAACGTTCATTAATAGCACG	A4C	0.7925
AAAAGTTCATTAATAGCACG	ATAAGTTCATTAATAGCACG	A2T	0.9100
AAAAGTTCATTAATAGCACG	AAAGGTTCATTAATAGCACG	A4G	0.9823
AAAATGACGCCCTTTTCAAT	AAAATGACGCCCTTTTCAAA	T20A	0.1549
AAAATGACGCCCTTTTCAAT	AAAATGACGCCCTTTTCAAC	T20C	0.1687
AAAATGACGCCCTTTTCAAT	AAAATGACGCCCTTTTCAAG	T20G	0.1938
AAAATGACGCCCTTTTCAAT	AAAATGACGCCCTTTTCACT	A19C	0.3003
AAAATGACGCCCTTTTCAAT	AAAATGACGCCCTTATCAAT	T15A	0.4083
AAAATGACGCCCTTTTCAAT	AAAATGACGCCCTTTCCAAT	T16C	0.4931
AAAATGACGCCCTTTTCAAT	AAAATGACCCCCTTTTCAAT	G9C	0.6019
AAAATGACGCCCTTTTCAAT	AAAATGACACCCTTTTCAAT	G9A	0.7002
AAAATGACGCCCTTTTCAAT	AACATGACGCCCTTTTCAAT	A3C	0.8257
AAAATGACGCCCTTTTCAAT	AAAATGATGCCCTTTTCAAT	C8T	0.9003
AAAATGACGCCCTTTTCAAT	TAAATGACGCCCTTTTCAAT	A1T	1.0100
AAAATGAGGGTTAGAAATTC	AAAATGAGGGTTAGAAATTA	C20A	-0.0094
AAAATGAGGGTTAGAAATTC	AAAATGAGGGTTAGAAATTG	C20G	0.1578
AAAATGAGGGTTAGAAATTC	AAAATGAGGGTTAGAAATTT	C20T	0.1811
AAAATGAGGGTTAGAAATTC	AAAATGAGGGTTATAAATTC	G14T	0.3105
AAAATGAGGGTTAGAAATTC	AAAATGAGGGTTAGCAATTC	A15C	0.4019
AAAATGAGGGTTAGAAATTC	AAAATGAGGCTTAGAAATTC	G10C	0.5022
AAAATGAGGGTTAGAAATTC	AAAATGAGGATTAGAAATTC	G10A	0.6005
AAAATGAGGGTTAGAAATTC	AAAACGAGGGTTAGAAATTC	T5C	0.7004
AAAATGAGGGTTAGAAATTC	AAAATGCGGGTTAGAAATTC	A7C	0.8050
AAAATGAGGGTTAGAAATTC	ATAATGAGGGTTAGAAATTC	A2T	0.9100
AAAATGAGGGTTAGAAATTC	AAAATGGGGGTTAGAAATTC	A7G	0.9947
AAAATGCGAAGGACGCGTCA	AAAATGCGAAGGACGCGTAA	C19A	0.2519
AAAATGCGAAGGACGCGTCA	AAAATGCGAAGGACGCGTCC	A20C	0.2943
AAAATGCGAAGGACGCGTCA	AAAATGCGAAGGACGCGTCT	A20T	0.3490
AAAATGCGAAGGACGCGTCA	AAAATGCGAAGGACCCGTCA	G15C	0.3578
AAAATGCGAAGGACGCGTCA	AAAATGCGAAGGACTCGTCA	G15T	0.4126
AAAATGCGAAGGACGCGTCA	AAAATGCGAAGGACGCTTCA	G17T	0.4921
AAAATGCGAAGGACGCGTCA	AAAATGCGAAGGAGGCGTCA	C14G	0.6010
AAAATGCGAAGGACGCGTCA	AAAATGCGAAGGCCGCGTCA	A13C	0.7029
AAAATGCGAAGGACGCGTCA	AAAATGAGAAGGACGCGTCA	C7A	0.7931
AAAATGCGAAGGACGCGTCA	AAAATGCGCAGGACGCGTCA	A9C	0.9013
AAAATGCGAAGGACGCGTCA	ACAATGCGAAGGACGCGTCA	A2C	1.0013
AAAATTGATGCAATAGCCAC	AAAATTGATGCAATAGCCAA	C20A	0.0271
AAAATTGATGCAATAGCCAC	AAAATTGATGCAATAGCCAG	C20G	0.1943
AAAATTGATGCAATAGCCAC	AAAATTGATGCAATAGCCAT	C20T	0.2176
AAAATTGATGCAATAGCCAC	AAAATTGATGCAATAGCCCC	A19C	0.3003
AAAATTGATGCAATAGCCAC	AAAATTGATGCAATAACCAC	G16A	0.4176
AAAATTGATGCAATAGCCAC	AAAATTGATGCAATTGCCAC	A15T	0.4930
AAAATTGATGCAATAGCCAC	AAAATTGATTCAATAGCCAC	G10T	0.5935
AAAATTGATGCAATAGCCAC	AAAATTTATGCAATAGCCAC	G7T	0.7063
AAAATTGATGCAATAGCCAC	AAAATCGATGCAATAGCCAC	T6C	0.8008
AAAATTGATGCAATAGCCAC	ACAATTGATGCAATAGCCAC	A2C	0.8918
AAAATTGATGCAATAGCCAC	TAAATTGATGCAATAGCCAC	A1T	1.0100
AAACACAAATGCAGTTTTTG	AAACACAAATGCAGTTTTTT	G20T	0.0132
AAACACAAATGCAGTTTTTG	AAACACAAATGCAGTTTTTA	G20A	0.0567
AAACACAAATGCAGTTTTTG	AAACACAAATGCAGTTTTAG	T19A	0.2338
AAACACAAATGCAGTTTTTG	AAACACAAATGCATTTTTTG	G14T	0.3105
AAACACAAATGCAGTTTTTG	AAACACAAATGCAGTTTCTG	T18C	0.4061
AAACACAAATGCAGTTTTTG	AAACACAAATGCAGTTGTTG	T17G	0.4903
AAACACAAATGCAGTTTTTG	AAACACAAATGCTGTTTTTG	A13T	0.6116
AAACACAAATGCAGTTTTTG	AAACACAAAGGCAGTTTTTG	T10G	0.7012
AAACACAAATGCAGTTTTTG	AAAGACAAATGCAGTTTTTG	C4G	0.8020
AAACACAAATGCAGTTTTTG	AAACGCAAATGCAGTTTTTG	A5G	0.9064
AAACACAAATGCAGTTTTTG	AAACACGAATGCAGTTTTTG	A7G	0.9947
AAACACCATATGGTGTAAAC	AAACACCATATGGTGTAAAA	C20A	0.0271
AAACACCATATGGTGTAAAC	AAACACCATATGGTGTAAAG	C20G	0.1943
AAACACCATATGGTGTAAAC	AAACACCATATGGTGTAAAT	C20T	0.2176
AAACACCATATGGTGTAAAC	AAACACCATATGGTGTAACC	A19C	0.3003
AAACACCATATGGTGTAAAC	AAACACCATATGCTGTAAAC	G13C	0.4034
AAACACCATATGGTGTAAAC	AAACACCATATGATGTAAAC	G13A	0.5017
AAACACCATATGGTGTAAAC	AAACACCATATAGTGTAAAC	G12A	0.5857
AAACACCATATGGTGTAAAC	AAACACCATACGGTGTAAAC	T11C	0.6992
AAACACCATATGGTGTAAAC	AAACACCAGATGGTGTAAAC	T9G	0.8008
AAACACCATATGGTGTAAAC	ACACACCATATGGTGTAAAC	A2C	0.8918
AAACACCATATGGTGTAAAC	TAACACCATATGGTGTAAAC	A1T	1.0100
AAACACGATTTTTTAATTCG	AAACACGATTTTTTAATTCA	G20A	0.0202
AAACACGATTTTTTAATTCG	AAACACGATTTTTTAATTAG	C19A	0.0695
AAACACGATTTTTTAATTCG	AAACACGATTTTTTAATTGG	C19G	0.2367
AAACACGATTTTTTAATTCG	AAACACGATTTTTTAATTTG	C19T	0.2600
AAACACGATTTTTTAATTCG	AAACACGATTTTTTAATGCG	T18G	0.3947
AAACACGATTTTTTAATTCG	AAACACGATTTTCTAATTCG	T13C	0.5043
AAACACGATTTTTTAATTCG	AAAAACGATTTTTTAATTCG	C4A	0.5983
AAACACGATTTTTTAATTCG	AAACACGACTTTTTAATTCG	T9C	0.7027
AAACACGATTTTTTAATTCG	AAACACGCTTTTTTAATTCG	A8C	0.7947
AAACACGATTTTTTAATTCG	CAACACGATTTTTTAATTCG	A1C	0.8824
AAACACGATTTTTTAATTCG	AGACACGATTTTTTAATTCG	A2G	1.0086
AAACATTTGCAGGGGTAAGA	AAACATTTGCAGGGGTAACA	G19C	0.1468
AAACATTTGCAGGGGTAAGA	AAACATTTGCAGGGGTAATA	G19T	0.2016
AAACATTTGCAGGGGTAAGA	AAACATTTGCAGGGGTAAGC	A20C	0.2214
AAACATTTGCAGGGGTAAGA	AAACATTTGCAGGGCTAAGA	G15C	0.2848
AAACATTTGCAGGGGTAAGA	AAACATTTGCAGGGGTAAGG	A20G	0.4111
AAACATTTGCAGGGGTAAGA	AAACATTTGCAGGGGTACGA	A18C	0.4952
AAACATTTGCAGGGGTAAGA	AAACATTTGAAGGGGTAAGA	C10A	0.6074
AAACATTTGCAGGGGTAAGA	AAACATTTTCAGGGGTAAGA	G9T	0.6932
AAACATTTGCAGGGGTAAGA	AAACATTTGTAGGGGTAAGA	C10T	0.7979
AAACATTTGCAGGGGTAAGA	AAATATTTGCAGGGGTAAGA	C4T	0.8982
AAACATTTGCAGGGGTAAGA	CAACATTTGCAGGGGTAAGA	A1C	0.9918
